date,top200_rows,unique_tracks,tracks_with_valence,valence_coverage,avg_valence,sad_songs_count,share_sad_songs
2017-01-01,200,200,198,0.99,0.5298621212121212,55,0.275
2017-01-02,200,200,200,1.0,0.4687945,68,0.34
2017-01-03,200,200,200,1.0,0.451393,70,0.35
2017-01-04,200,200,200,1.0,0.48930549999999995,55,0.275
2017-01-05,200,200,197,0.985,0.49886598984771574,51,0.255
2017-01-06,200,200,189,0.945,0.5099132275132275,45,0.225
2017-01-07,200,200,198,0.99,0.5218762626262626,40,0.2
2017-01-08,200,200,200,1.0,0.5143865000000001,45,0.225
2017-01-09,200,200,199,0.995,0.524740703517588,44,0.22
2017-01-10,200,200,197,0.985,0.4995238578680203,53,0.265
2017-01-11,200,200,198,0.99,0.4999090909090909,59,0.295
2017-01-12,200,200,197,0.985,0.48713959390862943,63,0.315
2017-02-01,200,200,199,0.995,0.47567788944723616,65,0.325
2017-02-02,200,200,200,1.0,0.47321199999999997,66,0.33
2017-02-03,200,200,200,1.0,0.44728949999999995,72,0.36
2017-02-04,200,200,200,1.0,0.4918955,54,0.27
2017-02-05,200,200,198,0.99,0.4957565656565657,50,0.25
2017-02-07,200,200,198,0.99,0.5192095959595959,41,0.205
2017-02-08,200,200,200,1.0,0.521702,44,0.22
2017-02-09,200,200,200,1.0,0.526187,45,0.225
2017-02-10,200,200,198,0.99,0.48631515151515153,53,0.265
2017-02-11,200,200,199,0.995,0.49227587939698497,60,0.3
2017-02-12,200,200,195,0.975,0.49262,61,0.305
2017-03-01,200,200,199,0.995,0.4685070351758794,68,0.34
2017-03-02,200,200,200,1.0,0.470122,67,0.335
2017-03-03,200,200,200,1.0,0.4665835,66,0.33
2017-03-04,200,200,200,1.0,0.4912305,56,0.28
2017-03-05,200,200,197,0.985,0.5012822335025381,49,0.245
2017-03-06,200,200,188,0.94,0.5124526595744681,41,0.205
2017-03-07,200,200,199,0.995,0.5206055276381909,38,0.19
2017-03-08,200,200,200,1.0,0.517757,43,0.215
2017-03-09,200,200,200,1.0,0.518327,46,0.23
2017-03-10,200,200,198,0.99,0.4931474747474747,51,0.255
2017-03-11,200,200,199,0.995,0.47956733668341706,63,0.315
2017-03-12,200,200,195,0.975,0.48721487179487183,63,0.315
2017-04-01,200,200,199,0.995,0.4657582914572865,68,0.34
2017-04-02,200,200,200,1.0,0.470382,65,0.325
2017-04-03,200,200,200,1.0,0.4693085,67,0.335
2017-04-04,200,200,200,1.0,0.4910675,55,0.275
2017-04-05,200,200,198,0.99,0.5016353535353536,50,0.25
2017-04-06,200,200,190,0.95,0.5181126315789474,42,0.21
2017-04-07,200,200,199,0.995,0.5221532663316583,40,0.2
2017-04-08,200,200,200,1.0,0.524197,42,0.21
2017-04-09,200,200,199,0.995,0.5134592964824121,43,0.215
2017-04-10,200,200,197,0.985,0.4966807106598985,50,0.25
2017-04-11,200,200,199,0.995,0.4875472361809045,61,0.305
2017-04-12,200,200,197,0.985,0.4877766497461929,61,0.305
2017-05-01,200,200,200,1.0,0.4753145,63,0.315
2017-05-02,200,200,200,1.0,0.46912950000000003,66,0.33
2017-05-03,200,200,200,1.0,0.462902,70,0.35
2017-05-04,200,200,200,1.0,0.4892425,57,0.285
2017-05-05,200,200,197,0.985,0.4993192893401015,50,0.25
2017-05-06,200,200,199,0.995,0.5095346733668342,45,0.225
2017-05-07,200,200,199,0.995,0.5216959798994975,38,0.19
2017-05-08,200,200,200,1.0,0.5289470000000001,43,0.215
2017-05-09,200,200,199,0.995,0.5166854271356784,42,0.21
2017-05-10,200,200,197,0.985,0.5011324873096447,50,0.25
2017-05-11,200,200,199,0.995,0.4800778894472362,64,0.32
2017-05-12,200,200,197,0.985,0.48929898477157363,60,0.3
2017-06-01,200,200,199,0.995,0.4750603015075377,64,0.32
2017-06-02,200,200,200,1.0,0.458581,69,0.345
2017-06-03,200,200,200,1.0,0.4720785,66,0.33
2017-06-04,200,200,200,1.0,0.48996850000000003,55,0.275
2017-06-05,200,200,197,0.985,0.5069055837563452,47,0.235
2017-06-06,200,200,200,1.0,0.5111405,44,0.22
2017-06-07,200,200,199,0.995,0.528002512562814,39,0.195
2017-06-08,200,200,200,1.0,0.520517,46,0.23
2017-06-09,200,200,199,0.995,0.5297005025125628,39,0.195
2017-06-10,200,200,198,0.99,0.5036621212121212,51,0.255
2017-06-11,200,200,200,1.0,0.472793,64,0.32
2017-06-12,200,200,196,0.98,0.47939744897959186,65,0.325
2017-07-01,200,200,199,0.995,0.5177371859296482,56,0.28
2017-07-02,200,200,200,1.0,0.45968699999999996,66,0.33
2017-07-03,200,200,200,1.0,0.4654435,68,0.34
2017-07-04,200,200,200,1.0,0.4817375,60,0.3
2017-07-05,200,200,198,0.99,0.4987,51,0.255
2017-07-06,200,200,200,1.0,0.509198,44,0.22
2017-07-07,200,200,199,0.995,0.5338869346733668,36,0.18
2017-07-08,200,200,200,1.0,0.518757,44,0.22
2017-07-09,200,200,199,0.995,0.5207190954773869,41,0.205
2017-07-10,200,200,196,0.98,0.5198882653061224,45,0.225
2017-07-11,200,200,200,1.0,0.4748845,62,0.31
2017-07-12,200,200,196,0.98,0.4901423469387755,62,0.31
2017-08-01,200,200,199,0.995,0.4715482412060301,66,0.33
2017-08-02,200,200,200,1.0,0.45806600000000003,70,0.35
2017-08-03,200,200,200,1.0,0.4674235,67,0.335
2017-08-04,200,200,200,1.0,0.4913425,55,0.275
2017-08-05,200,200,198,0.99,0.496029292929293,52,0.26
2017-08-06,200,200,200,1.0,0.511077,44,0.22
2017-08-07,200,200,199,0.995,0.5288517587939698,39,0.195
2017-08-08,200,200,200,1.0,0.514257,47,0.235
2017-08-09,200,200,200,1.0,0.5113555000000001,45,0.225
2017-08-10,200,200,196,0.98,0.49702448979591834,55,0.275
2017-08-11,200,200,199,0.995,0.4798889447236181,63,0.315
2017-08-12,200,200,196,0.98,0.49307091836734696,59,0.295
2017-09-01,200,200,200,1.0,0.45669150000000003,70,0.35
2017-09-02,200,200,199,0.995,0.46967035175879396,64,0.32
2017-09-03,200,200,200,1.0,0.4719385,64,0.32
2017-09-04,200,200,200,1.0,0.4978975,51,0.255
2017-09-05,200,200,198,0.99,0.5012464646464646,49,0.245
2017-09-06,200,200,200,1.0,0.5153719999999999,42,0.21
2017-09-07,200,200,200,1.0,0.5193725,43,0.215
2017-09-08,200,200,200,1.0,0.521382,42,0.21
2017-09-09,200,200,200,1.0,0.5241155,42,0.21
2017-09-10,200,200,197,0.985,0.487882233502538,57,0.285
2017-09-11,200,200,199,0.995,0.48126582914572863,62,0.31
2017-09-12,200,200,193,0.965,0.5000409326424871,57,0.285
2017-10-01,200,200,200,1.0,0.45840650000000005,70,0.35
2017-10-02,200,200,200,1.0,0.4689125,63,0.315
2017-10-03,200,200,200,1.0,0.4759685,64,0.32
2017-10-04,200,200,200,1.0,0.49107750000000006,55,0.275
2017-10-05,200,200,195,0.975,0.5111671794871795,44,0.22
2017-10-06,200,200,200,1.0,0.522157,40,0.2
2017-10-07,200,200,200,1.0,0.5285125,37,0.185
2017-10-08,200,200,200,1.0,0.5176120000000001,47,0.235
2017-10-09,200,200,200,1.0,0.5202805,43,0.215
2017-10-10,200,200,196,0.98,0.4933984693877551,53,0.265
2017-10-11,200,200,199,0.995,0.4919145728643216,59,0.295
2017-10-12,200,200,193,0.965,0.5050927461139897,57,0.285
2017-11-01,200,200,200,1.0,0.46826949999999995,67,0.335
2017-11-02,200,200,200,1.0,0.47820500000000005,62,0.31
2017-11-03,200,200,200,1.0,0.4799135,63,0.315
2017-11-04,200,200,200,1.0,0.4920675,52,0.26
2017-11-05,200,200,198,0.99,0.5014939393939394,49,0.245
2017-11-06,200,200,200,1.0,0.5136769999999999,43,0.215
2017-11-07,200,200,200,1.0,0.5289524999999999,37,0.185
2017-11-08,200,200,200,1.0,0.526257,44,0.22
2017-11-09,200,200,200,1.0,0.5114305,46,0.23
2017-11-10,200,200,197,0.985,0.48905126903553303,55,0.275
2017-11-11,200,200,198,0.99,0.49577727272727273,60,0.3
2017-11-12,200,200,194,0.97,0.49355670103092786,60,0.3
2017-12-01,200,200,200,1.0,0.4663945,64,0.32
2017-12-02,200,200,200,1.0,0.4590485,67,0.335
2017-12-03,200,200,200,1.0,0.47365850000000004,66,0.33
2017-12-04,200,200,200,1.0,0.49461350000000004,55,0.275
2017-12-05,200,200,197,0.985,0.5038710659898478,46,0.23
2017-12-06,200,200,200,1.0,0.5169115,41,0.205
2017-12-07,200,200,200,1.0,0.5246875,40,0.2
2017-12-08,200,200,200,1.0,0.522427,47,0.235
2017-12-09,200,200,198,0.99,0.5203237373737374,41,0.205
2017-12-10,200,200,198,0.99,0.4923590909090909,54,0.27
2017-12-11,200,200,199,0.995,0.48479949748743717,61,0.305
2017-12-12,200,200,194,0.97,0.4977778350515464,58,0.29
2018-01-01,200,200,196,0.98,0.5390280612244898,48,0.24
2018-01-02,200,200,199,0.995,0.48005778894472356,58,0.29
2018-01-03,200,200,195,0.975,0.49641794871794875,53,0.265
2018-01-04,200,200,196,0.98,0.4847591836734694,59,0.295
2018-01-05,200,200,194,0.97,0.49498917525773195,55,0.275
2018-01-06,200,200,198,0.99,0.5123474747474748,47,0.235
2018-01-07,200,200,197,0.985,0.46022893401015225,72,0.36
2018-01-08,200,200,182,0.91,0.4759505494505495,55,0.275
2018-01-09,200,200,188,0.94,0.4865340425531915,52,0.26
2018-01-10,200,200,193,0.965,0.45768186528497407,60,0.3
2018-01-11,200,200,191,0.955,0.46637801047120414,59,0.295
2018-01-12,200,200,196,0.98,0.48554948979591833,56,0.28
2018-02-01,200,200,197,0.985,0.4870730964467005,60,0.3
2018-02-02,200,200,199,0.995,0.4723748743718593,60,0.3
2018-02-03,200,200,195,0.975,0.4894574358974359,54,0.27
2018-02-04,200,200,196,0.98,0.4829688775510204,58,0.29
2018-02-05,200,200,195,0.975,0.4897174358974359,55,0.275
2018-02-06,200,200,198,0.99,0.50720101010101,52,0.26
2018-02-07,200,200,197,0.985,0.45312741116751265,74,0.37
2018-02-08,200,200,185,0.925,0.4868,52,0.26
2018-02-09,200,200,188,0.94,0.4799542553191489,53,0.265
2018-02-10,200,200,194,0.97,0.4651118556701031,58,0.29
2018-02-11,200,200,196,0.98,0.4644744897959184,58,0.29
2018-02-12,200,200,193,0.965,0.4771538860103627,58,0.29
2018-03-01,200,200,197,0.985,0.48556446700507616,62,0.31
2018-03-02,200,200,198,0.99,0.49442727272727277,57,0.285
2018-03-03,200,200,195,0.975,0.5224128205128206,50,0.25
2018-03-04,200,200,196,0.98,0.48462704081632657,58,0.29
2018-03-05,200,200,195,0.975,0.49829179487179487,53,0.265
2018-03-06,200,200,198,0.99,0.5018929292929293,52,0.26
2018-03-07,200,200,180,0.9,0.451495,66,0.33
2018-03-08,200,200,186,0.93,0.460894623655914,61,0.305
2018-03-09,200,200,189,0.945,0.4685206349206349,56,0.28
2018-03-10,200,200,193,0.965,0.4630642487046632,60,0.3
2018-03-11,200,200,191,0.955,0.47273769633507856,53,0.265
2018-03-12,200,200,196,0.98,0.4609423469387755,60,0.3
2018-04-01,200,200,198,0.99,0.4993661616161616,59,0.295
2018-04-02,200,200,198,0.99,0.4750282828282828,63,0.315
2018-04-03,200,200,194,0.97,0.4989634020618557,55,0.275
2018-04-04,200,200,196,0.98,0.4866066326530612,57,0.285
2018-04-05,200,200,197,0.985,0.4946101522842639,56,0.28
2018-04-06,200,200,198,0.99,0.4954030303030303,56,0.28
2018-04-07,200,200,182,0.91,0.45211043956043956,67,0.335
2018-04-08,200,200,187,0.935,0.4788604278074866,57,0.285
2018-04-09,200,200,190,0.95,0.47096,56,0.28
2018-04-10,200,200,192,0.96,0.46538385416666667,58,0.29
2018-04-11,200,200,191,0.955,0.4646329842931937,56,0.28
2018-04-12,200,200,195,0.975,0.453711282051282,62,0.31
2018-05-01,200,200,197,0.985,0.4963375634517766,57,0.285
2018-05-02,200,200,198,0.99,0.4708717171717172,62,0.31
2018-05-03,200,200,194,0.97,0.4933634020618557,53,0.265
2018-05-04,200,200,196,0.98,0.4883515306122449,55,0.275
2018-05-05,200,200,197,0.985,0.5126888324873097,51,0.255
2018-05-06,200,200,197,0.985,0.4808827411167513,57,0.285
2018-05-07,200,200,184,0.92,0.45021793478260874,68,0.34
2018-05-08,200,200,187,0.935,0.472651871657754,58,0.29
2018-05-09,200,200,190,0.95,0.47297736842105265,55,0.275
2018-05-10,200,200,195,0.975,0.47375025641025637,56,0.28
2018-05-11,200,200,195,0.975,0.4565020512820513,59,0.295
2018-05-12,200,200,195,0.975,0.45734717948717946,63,0.315
2018-06-01,200,200,196,0.98,0.5033494897959183,55,0.275
2018-06-02,200,200,197,0.985,0.47568324873096446,59,0.295
2018-06-03,200,200,194,0.97,0.4965077319587629,53,0.265
2018-06-04,200,200,196,0.98,0.49374438775510204,52,0.26
2018-06-05,200,200,196,0.98,0.5045647959183673,54,0.27
2018-06-06,200,200,198,0.99,0.49263535353535354,55,0.275
2018-06-07,200,200,184,0.92,0.46315271739130437,63,0.315
2018-06-08,200,200,185,0.925,0.46147513513513516,59,0.295
2018-06-09,200,200,190,0.95,0.4804036842105263,54,0.27
2018-06-10,200,200,194,0.97,0.4786355670103093,54,0.27
2018-06-11,200,200,193,0.965,0.45324300518134714,60,0.3
2018-06-12,200,200,195,0.975,0.46082923076923077,62,0.31
2018-07-01,200,200,196,0.98,0.4995790816326531,58,0.29
2018-07-02,200,200,197,0.985,0.4822314720812183,58,0.29
2018-07-03,200,200,194,0.97,0.4896211340206186,57,0.285
2018-07-04,200,200,196,0.98,0.5158265306122449,48,0.24
2018-07-05,200,200,196,0.98,0.48949081632653063,58,0.29
2018-07-06,200,200,198,0.99,0.48793333333333333,55,0.275
2018-07-07,200,200,186,0.93,0.47932849462365595,61,0.305
2018-07-08,200,200,185,0.925,0.46043729729729727,59,0.295
2018-07-09,200,200,193,0.965,0.48160518134715025,56,0.28
2018-07-10,200,200,193,0.965,0.46371606217616584,61,0.305
2018-07-11,200,200,192,0.96,0.4598067708333333,58,0.29
2018-07-12,200,200,197,0.985,0.47481522842639595,58,0.29
2018-08-01,200,200,198,0.99,0.4823257575757576,62,0.31
2018-08-02,200,200,198,0.99,0.46815454545454543,64,0.32
2018-08-03,200,200,194,0.97,0.4962809278350515,56,0.28
2018-08-04,200,200,196,0.98,0.5128459183673469,50,0.25
2018-08-05,200,200,196,0.98,0.48800867346938775,56,0.28
2018-08-06,200,200,198,0.99,0.4919914141414141,53,0.265
2018-08-07,200,200,185,0.925,0.47711405405405405,61,0.305
2018-08-08,200,200,186,0.93,0.45961236559139784,60,0.3
2018-08-09,200,200,191,0.955,0.4814219895287958,57,0.285
2018-08-10,200,200,194,0.97,0.45279484536082476,64,0.32
2018-08-11,200,200,194,0.97,0.4610938144329897,57,0.285
2018-08-12,200,200,197,0.985,0.4771604060913706,60,0.3
2018-09-01,200,200,198,0.99,0.4875222222222222,58,0.29
2018-09-02,200,200,196,0.98,0.46738061224489796,63,0.315
2018-09-03,200,200,194,0.97,0.4947963917525773,56,0.28
2018-09-04,200,200,196,0.98,0.4883872448979592,54,0.27
2018-09-05,200,200,197,0.985,0.49869390862944163,55,0.275
2018-09-06,200,200,197,0.985,0.5076187817258884,50,0.25
2018-09-07,200,200,186,0.93,0.466591935483871,64,0.32
2018-09-08,200,200,185,0.925,0.4620481081081081,57,0.285
2018-09-09,200,200,188,0.94,0.4775867021276596,58,0.29
2018-09-10,200,200,193,0.965,0.4568533678756477,62,0.31
2018-09-11,200,200,196,0.98,0.44493316326530613,62,0.31
2018-09-12,200,200,198,0.99,0.48247777777777784,59,0.295
2018-10-01,200,200,198,0.99,0.48099696969696965,62,0.31
2018-10-02,200,200,198,0.99,0.49703282828282824,56,0.28
2018-10-03,200,200,195,0.975,0.5127071794871795,54,0.27
2018-10-04,200,200,196,0.98,0.4912852040816326,51,0.255
2018-10-05,200,200,196,0.98,0.5016984693877551,53,0.265
2018-10-06,200,200,197,0.985,0.5022147208121828,53,0.265
2018-10-07,200,200,186,0.93,0.47929086021505374,59,0.295
2018-10-08,200,200,184,0.92,0.46794782608695656,56,0.28
2018-10-09,200,200,192,0.96,0.4664291666666667,60,0.3
2018-10-10,200,200,193,0.965,0.4602103626943005,60,0.3
2018-10-11,200,200,191,0.955,0.45323979057591623,61,0.305
2018-10-12,200,200,197,0.985,0.4620979695431472,64,0.32
2018-11-01,200,200,198,0.99,0.4852651515151515,62,0.31
2018-11-02,200,200,198,0.99,0.48185101010101006,60,0.3
2018-11-03,200,200,195,0.975,0.4986507692307693,57,0.285
2018-11-04,200,200,196,0.98,0.492040306122449,52,0.26
2018-11-05,200,200,196,0.98,0.5043494897959184,50,0.25
2018-11-06,200,200,197,0.985,0.49996903553299493,52,0.26
2018-11-07,200,200,186,0.93,0.4736188172043011,62,0.31
2018-11-08,200,200,185,0.925,0.48087243243243244,56,0.28
2018-11-09,200,200,191,0.955,0.46685026178010475,59,0.295
2018-11-10,200,200,192,0.96,0.461096875,59,0.295
2018-11-11,200,200,190,0.95,0.449561052631579,63,0.315
2018-11-12,200,200,194,0.97,0.4589345360824742,63,0.315
2018-12-01,200,200,198,0.99,0.4840580808080808,56,0.28
2018-12-02,200,200,195,0.975,0.491951282051282,55,0.275
2018-12-03,200,200,195,0.975,0.48359076923076927,59,0.295
2018-12-04,200,200,194,0.97,0.4958036082474227,50,0.25
2018-12-05,200,200,195,0.975,0.5093964102564102,52,0.26
2018-12-06,200,200,198,0.99,0.48858030303030303,55,0.275
2018-12-07,200,200,185,0.925,0.4792059459459459,56,0.28
2018-12-08,200,200,184,0.92,0.47421413043478255,55,0.275
2018-12-09,200,200,189,0.945,0.46537248677248677,59,0.295
2018-12-10,200,200,195,0.975,0.4628794871794872,59,0.295
2018-12-11,200,200,193,0.965,0.4433243523316062,64,0.32
2018-12-12,200,200,196,0.98,0.4656852040816326,62,0.31
2019-01-01,200,200,190,0.95,0.4950631578947368,55,0.275
2019-01-02,200,200,195,0.975,0.4802789743589743,59,0.295
2019-01-03,200,200,199,0.995,0.47246482412060303,60,0.3
2019-01-04,200,200,199,0.995,0.4603673366834171,67,0.335
2019-01-05,200,200,195,0.975,0.4652769230769231,64,0.32
2019-01-06,200,200,196,0.98,0.4887612244897959,58,0.29
2019-01-07,200,200,194,0.97,0.48104845360824744,58,0.29
2019-01-08,200,200,196,0.98,0.505354081632653,56,0.28
2019-01-09,200,200,197,0.985,0.49878426395939085,54,0.27
2019-01-10,200,200,196,0.98,0.49123724489795917,55,0.275
2019-01-11,200,200,197,0.985,0.4965725888324873,47,0.235
2019-01-12,200,200,196,0.98,0.5037729591836735,50,0.25
2019-02-01,200,200,191,0.955,0.4604256544502618,59,0.295
2019-02-02,200,200,196,0.98,0.47316530612244895,62,0.31
2019-02-03,200,200,195,0.975,0.4684928205128205,63,0.315
2019-02-04,200,200,199,0.995,0.45947286432160805,68,0.34
2019-02-05,200,200,199,0.995,0.4586005025125628,68,0.34
2019-02-06,200,200,195,0.975,0.4912933333333333,57,0.285
2019-02-07,200,200,195,0.975,0.4881046153846154,57,0.285
2019-02-08,200,200,197,0.985,0.5097837563451777,54,0.27
2019-02-09,200,200,198,0.99,0.4911237373737373,56,0.28
2019-02-10,200,200,196,0.98,0.4914107142857143,56,0.28
2019-02-11,200,200,196,0.98,0.5065857142857143,44,0.22
2019-02-12,200,200,197,0.985,0.4868010152284264,53,0.265
2019-03-01,200,200,192,0.96,0.45386614583333335,61,0.305
2019-03-02,200,200,196,0.98,0.4678897959183674,62,0.31
2019-03-03,200,200,195,0.975,0.4709523076923077,62,0.31
2019-03-04,200,200,199,0.995,0.4590206030150754,67,0.335
2019-03-05,200,200,199,0.995,0.4664798994974874,67,0.335
2019-03-06,200,200,194,0.97,0.4784530927835052,58,0.29
2019-03-07,200,200,196,0.98,0.4831908163265306,57,0.285
2019-03-08,200,200,196,0.98,0.5163285714285715,50,0.25
2019-03-09,200,200,197,0.985,0.49032741116751266,56,0.28
2019-03-10,200,200,196,0.98,0.4937219387755102,54,0.27
2019-03-11,200,200,196,0.98,0.4919734693877551,49,0.245
2019-03-12,200,200,196,0.98,0.4896163265306122,51,0.255
2019-04-01,200,200,190,0.95,0.464691052631579,59,0.295
2019-04-02,200,200,196,0.98,0.4545989795918367,64,0.32
2019-04-03,200,200,197,0.985,0.4589020304568528,66,0.33
2019-04-04,200,200,197,0.985,0.4591324873096447,67,0.335
2019-04-05,200,200,198,0.99,0.4747954545454546,64,0.32
2019-04-06,200,200,195,0.975,0.47755333333333333,59,0.295
2019-04-07,200,200,196,0.98,0.4917877551020408,56,0.28
2019-04-08,200,200,197,0.985,0.5121593908629442,53,0.265
2019-04-09,200,200,196,0.98,0.48585459183673474,58,0.29
2019-04-10,200,200,197,0.985,0.4901355329949238,56,0.28
2019-04-11,200,200,196,0.98,0.4805295918367347,50,0.25
2019-04-12,200,200,196,0.98,0.4958612244897959,50,0.25
2019-05-01,200,200,192,0.96,0.46756614583333334,60,0.3
2019-05-02,200,200,196,0.98,0.4585173469387755,63,0.315
2019-05-03,0,0,0,0.0,,0,0.0
2019-05-04,200,200,199,0.995,0.4588195979899497,66,0.33
2019-05-05,200,200,198,0.99,0.4616616161616162,65,0.325
2019-05-06,200,200,195,0.975,0.47068153846153843,61,0.305
2019-05-07,200,200,196,0.98,0.48880816326530613,60,0.3
2019-05-08,200,200,198,0.99,0.5021434343434343,55,0.275
2019-05-09,200,200,197,0.985,0.49850964467005077,54,0.27
2019-05-10,0,0,0,0.0,,0,0.0
2019-05-11,200,200,196,0.98,0.48426428571428576,50,0.25
2019-05-12,200,200,196,0.98,0.4893867346938775,55,0.275
2019-06-01,200,200,192,0.96,0.45255,64,0.32
2019-06-02,200,200,195,0.975,0.46240717948717946,62,0.31
2019-06-03,200,200,195,0.975,0.4619420512820513,64,0.32
2019-06-04,200,200,197,0.985,0.46523096446700507,63,0.315
2019-06-05,200,200,199,0.995,0.45837688442211055,67,0.335
2019-06-06,200,200,195,0.975,0.4748969230769231,62,0.31
2019-06-07,200,200,196,0.98,0.5020224489795918,57,0.285
2019-06-08,200,200,197,0.985,0.5008294416243655,55,0.275
2019-06-09,200,200,196,0.98,0.4872270408163265,58,0.29
2019-06-10,200,200,196,0.98,0.477509693877551,58,0.29
2019-06-11,200,200,196,0.98,0.48642755102040813,49,0.245
2019-06-12,200,200,197,0.985,0.5018878172588832,49,0.245
2019-07-01,200,200,191,0.955,0.45894554973821994,60,0.3
2019-07-02,200,200,195,0.975,0.47512,61,0.305
2019-07-03,200,200,196,0.98,0.45884030612244897,65,0.325
2019-07-04,200,200,197,0.985,0.45910558375634514,64,0.32
2019-07-05,200,200,199,0.995,0.46007537688442207,65,0.325
2019-07-06,200,200,198,0.99,0.4708732323232323,65,0.325
2019-07-07,200,200,196,0.98,0.4942112244897959,58,0.29
2019-07-08,200,200,196,0.98,0.5019647959183673,55,0.275
2019-07-09,200,200,197,0.985,0.49982487309644674,54,0.27
2019-07-10,200,200,197,0.985,0.4844243654822335,56,0.28
2019-07-11,200,200,195,0.975,0.4873338461538462,49,0.245
2019-07-12,200,200,197,0.985,0.507684771573604,50,0.25
2019-08-01,200,200,192,0.96,0.45643020833333336,58,0.29
2019-08-02,200,200,196,0.98,0.4739209183673469,57,0.285
2019-08-03,200,200,196,0.98,0.470840306122449,60,0.3
2019-08-04,200,200,198,0.99,0.449919696969697,66,0.33
2019-08-05,200,200,199,0.995,0.45721608040201006,66,0.33
2019-08-06,200,200,196,0.98,0.4724535714285714,64,0.32
2019-08-07,200,200,197,0.985,0.4789258883248731,61,0.305
2019-08-08,200,200,197,0.985,0.5063065989847716,54,0.27
2019-08-09,200,200,196,0.98,0.4849719387755102,58,0.29
2019-08-10,200,200,197,0.985,0.4874055837563452,55,0.275
2019-08-11,200,200,196,0.98,0.4743117346938776,53,0.265
2019-08-12,200,200,197,0.985,0.5107675126903554,50,0.25
2019-09-01,200,200,191,0.955,0.4561890052356021,60,0.3
2019-09-02,200,200,196,0.98,0.47132704081632654,60,0.3
2019-09-03,200,200,195,0.975,0.47655384615384616,59,0.295
2019-09-04,200,200,198,0.99,0.4558626262626263,68,0.34
2019-09-05,200,200,199,0.995,0.46713567839195974,64,0.32
2019-09-06,200,200,196,0.98,0.48496377551020403,60,0.3
2019-09-07,200,200,197,0.985,0.4843269035532995,60,0.3
2019-09-08,200,200,198,0.99,0.499729797979798,55,0.275
2019-09-09,200,200,197,0.985,0.481743654822335,60,0.3
2019-09-10,200,200,197,0.985,0.4885578680203046,54,0.27
2019-09-11,200,200,196,0.98,0.48809744897959184,50,0.25
2019-09-12,200,200,196,0.98,0.4912188775510204,51,0.255
2019-10-01,200,200,194,0.97,0.4582231958762887,58,0.29
2019-10-02,200,200,196,0.98,0.4566433673469388,63,0.315
2019-10-03,200,200,194,0.97,0.4624623711340206,64,0.32
2019-10-04,200,200,198,0.99,0.4539989898989899,69,0.345
2019-10-05,200,200,197,0.985,0.47671573604060913,62,0.31
2019-10-06,200,200,195,0.975,0.467671282051282,64,0.32
2019-10-07,200,200,196,0.98,0.48391020408163266,62,0.31
2019-10-08,200,200,198,0.99,0.5094313131313132,53,0.265
2019-10-09,200,200,197,0.985,0.48381472081218274,59,0.295
2019-10-10,200,200,197,0.985,0.49231421319796953,51,0.255
2019-10-11,200,200,196,0.98,0.4836535714285714,50,0.25
2019-10-12,200,200,197,0.985,0.4933106598984771,52,0.26
2019-11-01,200,200,196,0.98,0.4677795918367347,58,0.29
2019-11-02,200,200,196,0.98,0.4559714285714286,62,0.31
2019-11-03,200,200,194,0.97,0.45772010309278355,66,0.33
2019-11-04,200,200,197,0.985,0.4544456852791878,66,0.33
2019-11-05,200,200,197,0.985,0.48963959390862943,57,0.285
2019-11-06,200,200,197,0.985,0.4769741116751269,61,0.305
2019-11-07,200,200,195,0.975,0.48478666666666664,61,0.305
2019-11-08,200,200,197,0.985,0.5049258883248731,54,0.27
2019-11-09,200,200,197,0.985,0.48412436548223353,57,0.285
2019-11-10,200,200,197,0.985,0.4910162436548223,50,0.25
2019-11-11,200,200,195,0.975,0.47268256410256415,55,0.275
2019-11-12,200,200,197,0.985,0.5014172588832487,50,0.25
2019-12-01,200,200,193,0.965,0.4706051813471503,58,0.29
2019-12-02,200,200,196,0.98,0.45686071428571434,62,0.31
2019-12-03,200,200,197,0.985,0.45625228426395936,68,0.34
2019-12-04,200,200,198,0.99,0.45118939393939395,68,0.34
2019-12-05,200,200,197,0.985,0.4794314720812182,59,0.295
2019-12-06,200,200,193,0.965,0.4728440414507772,61,0.305
2019-12-07,200,200,198,0.99,0.48696464646464643,59,0.295
2019-12-08,200,200,196,0.98,0.5017979591836735,55,0.275
2019-12-09,200,200,196,0.98,0.487344387755102,58,0.29
2019-12-10,200,200,197,0.985,0.49835634517766497,48,0.24
2019-12-11,200,200,195,0.975,0.4710876923076923,52,0.26
2019-12-12,200,200,197,0.985,0.49821421319796955,51,0.255
2020-01-01,200,200,198,0.99,0.5102676767676768,49,0.245
2020-01-02,200,200,198,0.99,0.5096575757575758,44,0.22
2020-01-03,200,200,198,0.99,0.5092545454545454,50,0.25
2020-01-04,200,200,199,0.995,0.5026994974874371,54,0.27
2020-01-05,200,200,198,0.99,0.49186515151515153,60,0.3
2020-01-06,200,200,199,0.995,0.5193100502512562,47,0.235
2020-01-07,200,200,197,0.985,0.5236065989847716,44,0.22
2020-01-08,200,200,198,0.99,0.5460611111111111,41,0.205
2020-01-09,200,200,198,0.99,0.5308045454545455,44,0.22
2020-01-10,200,200,199,0.995,0.48758391959798997,56,0.28
2020-01-11,200,200,198,0.99,0.49568232323232325,55,0.275
2020-02-01,200,200,198,0.99,0.4707848484848485,58,0.29
2020-02-02,200,200,198,0.99,0.49574595959595963,48,0.24
2020-02-03,200,200,199,0.995,0.49527638190954776,52,0.26
2020-02-04,200,200,200,1.0,0.49922350000000004,56,0.28
2020-02-05,200,200,198,0.99,0.49851666666666666,58,0.29
2020-02-06,200,200,198,0.99,0.5046070707070707,51,0.255
2020-02-07,200,200,197,0.985,0.5258045685279188,44,0.22
2020-02-08,200,200,198,0.99,0.5353095959595959,44,0.22
2020-02-09,200,200,198,0.99,0.5297641414141414,45,0.225
2020-02-10,200,200,199,0.995,0.5018954773869346,50,0.25
2020-02-11,200,200,198,0.99,0.4824666666666667,57,0.285
2020-03-01,200,200,198,0.99,0.4733641414141414,58,0.29
2020-03-02,200,200,199,0.995,0.4921040201005025,49,0.245
2020-03-03,200,200,199,0.995,0.5050577889447236,51,0.255
2020-03-04,200,200,200,1.0,0.51281,52,0.26
2020-03-05,200,200,198,0.99,0.4941833333333333,59,0.295
2020-03-06,200,200,198,0.99,0.5001641414141414,52,0.26
2020-03-07,200,200,198,0.99,0.5415515151515151,39,0.195
2020-03-08,200,200,197,0.985,0.5228020304568528,47,0.235
2020-03-09,200,200,198,0.99,0.5350924242424243,44,0.22
2020-03-10,200,200,199,0.995,0.5031758793969849,52,0.26
2020-03-11,200,200,197,0.985,0.48978883248730964,56,0.28
2020-04-01,200,200,198,0.99,0.4826550505050505,56,0.28
2020-04-02,200,200,199,0.995,0.49515678391959794,49,0.245
2020-04-03,200,200,199,0.995,0.5011080402010051,53,0.265
2020-04-04,200,200,200,1.0,0.525174,51,0.255
2020-04-05,200,200,198,0.99,0.47734747474747474,61,0.305
2020-04-06,200,200,198,0.99,0.4961409090909091,52,0.26
2020-04-07,200,200,197,0.985,0.547594923857868,36,0.18
2020-04-08,200,200,197,0.985,0.5311969543147208,45,0.225
2020-04-09,200,200,198,0.99,0.5466722222222222,39,0.195
2020-04-10,200,200,199,0.995,0.49348844221105526,55,0.275
2020-04-11,200,200,197,0.985,0.4910609137055838,57,0.285
2020-05-01,200,200,198,0.99,0.4742257575757576,59,0.295
2020-05-02,200,200,199,0.995,0.4877974874371859,50,0.25
2020-05-03,200,200,199,0.995,0.5064547738693467,52,0.26
2020-05-04,200,200,199,0.995,0.5218532663316583,52,0.26
2020-05-05,200,200,198,0.99,0.476860101010101,63,0.315
2020-05-06,200,200,197,0.985,0.5042857868020305,50,0.25
2020-05-07,200,200,197,0.985,0.5421939086294416,38,0.19
2020-05-08,200,200,197,0.985,0.5325116751269036,45,0.225
2020-05-09,200,200,198,0.99,0.5336984848484849,43,0.215
2020-05-10,200,200,199,0.995,0.48613668341708544,57,0.285
2020-05-11,200,200,197,0.985,0.48788781725888325,57,0.285
2020-06-01,200,200,199,0.995,0.4728010050251256,59,0.295
2020-06-02,200,200,199,0.995,0.4896894472361809,51,0.255
2020-06-03,200,200,200,1.0,0.5147665,48,0.24
2020-06-04,200,200,200,1.0,0.51047,53,0.265
2020-06-05,200,200,198,0.99,0.4726611111111111,64,0.32
2020-06-06,200,200,197,0.985,0.5178370558375635,47,0.235
2020-06-07,200,200,198,0.99,0.5314030303030303,42,0.21
2020-06-08,200,200,197,0.985,0.5327350253807107,44,0.22
2020-06-09,200,200,198,0.99,0.5228348484848485,46,0.23
2020-06-10,200,200,199,0.995,0.4836170854271357,58,0.29
2020-07-01,200,200,197,0.985,0.47903248730964465,55,0.275
2020-07-02,200,200,199,0.995,0.5139507537688442,42,0.21
2020-07-03,200,200,190,0.95,0.5255631578947368,44,0.22
2020-07-04,200,200,200,1.0,0.512109,54,0.27
2020-07-05,200,200,198,0.99,0.47992171717171717,60,0.3
2020-07-06,200,200,198,0.99,0.5088328282828283,49,0.245
2020-07-07,200,200,197,0.985,0.536102538071066,40,0.2
2020-07-08,200,200,197,0.985,0.5379142131979695,42,0.21
2020-07-09,200,200,198,0.99,0.5281919191919192,46,0.23
2020-07-10,200,200,199,0.995,0.4800894472361809,59,0.295
2020-08-01,200,200,197,0.985,0.4788548223350254,54,0.27
2020-08-02,200,200,198,0.99,0.5181313131313131,41,0.205
2020-08-03,200,200,199,0.995,0.508491959798995,50,0.25
2020-08-04,200,200,200,1.0,0.51922,53,0.265
2020-08-05,200,200,198,0.99,0.4948419191919192,56,0.28
2020-08-06,200,200,199,0.995,0.4983643216080402,51,0.255
2020-08-07,200,200,198,0.99,0.5319040404040405,41,0.205
2020-08-08,200,200,197,0.985,0.5426197969543147,43,0.215
2020-08-09,200,200,198,0.99,0.5256969696969697,47,0.235
2020-08-10,200,200,199,0.995,0.4921597989949749,53,0.265
2020-09-01,200,200,197,0.985,0.48264162436548225,54,0.27
2020-09-02,200,200,198,0.99,0.49692676767676763,48,0.24
2020-09-03,200,200,199,0.995,0.5043909547738694,49,0.245
2020-09-04,200,200,200,1.0,0.5249900000000001,51,0.255
2020-09-05,200,200,198,0.99,0.5097474747474747,54,0.27
2020-09-06,200,200,198,0.99,0.5039318181818182,50,0.25
2020-09-07,200,200,198,0.99,0.5351666666666667,41,0.205
2020-09-08,200,200,197,0.985,0.5373913705583756,42,0.21
2020-09-09,200,200,198,0.99,0.5173631313131313,48,0.24
2020-09-10,200,200,199,0.995,0.5066939698492462,51,0.255
2020-10-01,200,200,196,0.98,0.4846091836734694,53,0.265
2020-10-02,200,200,199,0.995,0.4939,48,0.24
2020-10-03,200,200,199,0.995,0.5070829145728643,48,0.24
2020-10-04,200,200,200,1.0,0.5129095,49,0.245
2020-10-05,200,200,197,0.985,0.4905619289340101,57,0.285
2020-10-06,200,200,197,0.985,0.5040431472081218,49,0.245
2020-10-07,200,200,200,1.0,0.532582,41,0.205
2020-10-08,200,200,197,0.985,0.5311106598984772,44,0.22
2020-10-09,200,200,198,0.99,0.5162909090909091,49,0.245
2020-10-10,200,200,199,0.995,0.5041874371859296,51,0.255
2020-11-01,200,200,197,0.985,0.4897868020304568,52,0.26
2020-11-02,200,200,199,0.995,0.48684472361809045,51,0.255
2020-11-03,200,200,199,0.995,0.503002512562814,50,0.25
2020-11-04,200,200,200,1.0,0.526815,49,0.245
2020-11-05,200,200,199,0.995,0.4790723618090453,60,0.3
2020-11-06,200,200,197,0.985,0.5038472081218275,51,0.255
2020-11-07,200,200,198,0.99,0.5399075757575758,40,0.2
2020-11-08,200,200,197,0.985,0.5386791878172589,40,0.2
2020-11-09,200,200,198,0.99,0.5167484848484848,50,0.25
2020-11-10,200,200,198,0.99,0.49753636363636367,54,0.27
2020-12-01,200,200,197,0.985,0.4808172588832488,55,0.275
2020-12-02,200,200,199,0.995,0.4875934673366834,50,0.25
2020-12-03,200,200,199,0.995,0.5113557788944724,47,0.235
2020-12-04,200,200,199,0.995,0.5244874371859297,50,0.25
2020-12-05,200,200,198,0.99,0.4790070707070707,61,0.305
2020-12-06,200,200,197,0.985,0.5099395939086294,48,0.24
2020-12-07,200,200,199,0.995,0.5421075376884422,40,0.2
2020-12-08,200,200,197,0.985,0.525497461928934,46,0.23
2020-12-09,200,200,198,0.99,0.5100494949494949,52,0.26
2020-12-10,200,200,199,0.995,0.48943115577889446,55,0.275
